{"cameraMode":{"drawMode":0,"name":"Shaded","section":"Shading Mode"},"sceneLighting":false,"audioPlay":false,"sceneViewState":{"showFog":true,"showMaterialUpdate":false,"showSkybox":true,"showFlares":true,"showImageEffects":true,"showParticleSystems":true},"in2DMode":false,"pivot":{"x":2.333512783050537,"y":2.5166373252868654,"z":9.224615097045899},"rotation":{"x":-0.13090622425079347,"y":0.04162532463669777,"z":-0.005501405335962772,"w":-0.9905052781105042},"size":7.281564235687256,"orthographic":false}