{"cameraMode":{"drawMode":0,"name":"Shaded","section":"Shading Mode"},"sceneLighting":false,"audioPlay":false,"sceneViewState":{"showFog":true,"showMaterialUpdate":false,"showSkybox":true,"showFlares":true,"showImageEffects":true,"showParticleSystems":true},"in2DMode":false,"pivot":{"x":-382.23089599609377,"y":-400.69073486328127,"z":-453.2489318847656},"rotation":{"x":0.17936286330223084,"y":-0.6911821961402893,"z":0.1834997534751892,"w":0.6755917072296143},"size":1144.4393310546875,"orthographic":true}