{"cameraMode":{"drawMode":0,"name":"Shaded","section":"Shading Mode"},"sceneLighting":true,"audioPlay":false,"sceneViewState":{"showFog":false,"showMaterialUpdate":false,"showSkybox":true,"showFlares":true,"showImageEffects":true,"showParticleSystems":true},"in2DMode":false,"pivot":{"x":42.86542510986328,"y":-30.57103729248047,"z":266.4967041015625},"rotation":{"x":-0.1731788069009781,"y":-0.5696658492088318,"z":0.12428799271583557,"w":-0.793752133846283},"size":99.66155242919922,"orthographic":false}