{"cameraMode":{"drawMode":0,"name":"Shaded","section":"Shading Mode"},"sceneLighting":false,"audioPlay":false,"sceneViewState":{"showFog":true,"showMaterialUpdate":false,"showSkybox":true,"showFlares":true,"showImageEffects":true,"showParticleSystems":true},"in2DMode":false,"pivot":{"x":12.552200317382813,"y":1.5049999952316285,"z":13.665050506591797},"rotation":{"x":-0.12059091776609421,"y":0.7857916355133057,"z":-0.1620541214942932,"w":-0.584574818611145},"size":61.71509552001953,"orthographic":true}