{"cameraMode":{"drawMode":0,"name":"Shaded","section":"Shading Mode"},"sceneLighting":false,"audioPlay":false,"sceneViewState":{"showFog":true,"showMaterialUpdate":false,"showSkybox":true,"showFlares":true,"showImageEffects":true,"showParticleSystems":true},"in2DMode":false,"pivot":{"x":-0.1973113715648651,"y":0.6417315602302551,"z":0.043343618512153628},"rotation":{"x":-0.027153456583619119,"y":-0.7063690423965454,"z":0.027137119323015214,"w":-0.7068020105361939},"size":2.958444356918335,"orthographic":false}