{"cameraMode":{"drawMode":0,"name":"Shaded","section":"Shading Mode"},"sceneLighting":false,"audioPlay":false,"sceneViewState":{"showFog":true,"showMaterialUpdate":false,"showSkybox":true,"showFlares":true,"showImageEffects":true,"showParticleSystems":true},"in2DMode":false,"pivot":{"x":-147.74893188476563,"y":-393.6986389160156,"z":172.68148803710938},"rotation":{"x":-0.18300092220306397,"y":-0.3761914372444153,"z":0.07606808096170426,"w":-0.9050990343093872},"size":1672.81494140625,"orthographic":true}