{"cameraMode":{"drawMode":0,"name":"Shaded","section":"Shading Mode"},"sceneLighting":false,"audioPlay":false,"sceneViewState":{"showFog":true,"showMaterialUpdate":false,"showSkybox":true,"showFlares":true,"showImageEffects":true,"showParticleSystems":true},"in2DMode":false,"pivot":{"x":1.89239501953125,"y":1.4098663330078126,"z":0.9779386520385742},"rotation":{"x":-0.05903882160782814,"y":-0.7029576897621155,"z":0.058768969029188159,"w":-0.7063364386558533},"size":0.4331911504268646,"orthographic":true}